100425;2-point belt;1042;SEK;;
100422;4-point belt;1539;SEK;;
100423;6-point belt;1664;SEK;;
102811;Adapter plate for Turny Evo (Gen 1 and  2) togheter with Carony Classic rails 550 mm (1 pair) ;2560;SEK;;
101684;A-Hatch lock opener;2119;SEK;;
101683;A-Hatch pneumatic hatch opener;12800;SEK;;
102060;A-Hatch safety switch;1385;SEK;;

102252;A-Hatch XL pneumatic hatch opener;15116;SEK;;
100429;Armrest BEV seat, Left;1267;SEK;;
100428;Armrest BEV seat, Right;1267;SEK;;
100848;Armrest kit BEV / Compact / Kids seat, (1 pair);2122;SEK;;
102618;Armrest kit Recaro Specialist L, (1 pair);2487;SEK;;
XXXXXX;Autoadapt 6-way Base mounting bracket for seat specific (between base and seat);2223;SEK;;
102515;Autoadapt 6-way Base mounting bracket for seat universal (between base and seat);1767;SEK;;
XXXXXX;Autoadapt 6-way Base mounting bracket specific (between floor and base);2974;SEK;;
102513;Autoadapt 6-way Base mounting bracket universal (between floor and base);2754;SEK;;
102467;Autoadapt 6-way Base, foot rest - Left side;2059;SEK;;
102468;Autoadapt 6-way Base, foot rest - Right side;2059;SEK;;
102465;Autoadapt 6-way Base, Long - installation on left side with right turn;19319;SEK;;
102466;Autoadapt 6-way Base, Long - installation on right side with left turn;19319;SEK;;
102463;Autoadapt 6-way Base, Short - installation on left side with right turn;19319;SEK;;
102464;Autoadapt 6-way Base, Short - installation on right side with left turn;19319;SEK;;
100162;Autoadapt XL Belt;2405;SEK;;
102122;Autoadapt XL belt long female buckle 500mm;1091;SEK;;
102123;Autoadapt XL belt short flex buckle 200mm;1099;SEK;;
102124;Autoadapt XL belt short stiff buckle 200mm;1099;SEK;;
100420;BEV seat;13578;SEK;;
100699;BEV seat backrest foldable;1570;SEK;;
102193;BEV seat cushion backrest;1504;SEK;;
100665;BEV seat head support (neck roll);1072;SEK;;
100458;BEV seat headrest Komfort;3021;SEK;;
100432;BEV seat lumbar support/rubber bladder;1300;SEK;;
102194;BEV seat seat cushion;2287;SEK;;
102191;BEV seat seat cushion pressure relief, Medium;3299;SEK;;
100430;BEV seat side support;1627;SEK;;
101672;Careva combination kit, Large;7454;SEK;;
101671;Careva combination kit, Medium;7421;SEK;;
101670;Careva combination kit, Small;7405;SEK;;
100969;Careva pelvic T-belt, front fastening, Large;3253;SEK;;
100587;Careva pelvic T-belt, front fastening, Medium;3163;SEK;;
100968;Careva pelvic T-belt, front fastening, Small;3253;SEK;;
101373;Careva spinal belt 3 channels, 2 buckles, Small;3693;SEK;;
100955;Careva spinal belt 5 channels, 2 buckles, Medium/Large;4109;SEK;;
100958;Careva thoracic belt 100cm;2878;SEK;;
100957;Careva thoracic belt 120cm;2959;SEK;;
100590;Careva thoracic belt 135cm;3025;SEK;;
100959;Careva thoracic belt 80cm;2788;SEK;;
101845;Carobrake 700;8207;SEK;;
101018;Carolift 140;20787;SEK;;
101626;Carolift 325;13181;SEK;;
101663;Carolift 40;13492;SEK;;
101874;Carolift 570, Left;15978;SEK;;
101873;Carolift 570, Right;15978;SEK;;
XXXXXX;Carolift 570/6000/6900 mounting brackets specific ;3700;SEK;;
101630;Carolift 6000, Left;22659;SEK;;
101629;Carolift 6000, Right;22659;SEK;;
101632;Carolift 6900, Left;26225;SEK;;
101631;Carolift 6900, Right;26225;SEK;;
100297;Carolift 90;17835;SEK;;
101150;Carolift claw with T-bar;1782;SEK;;
101149;Carolift docking device C-arm with T-bar;2915;SEK;;
101147;Carolift docking device clamping claw;1447;SEK;;
101148;Carolift docking device claw with T-bar;1610;SEK;;
101518;Carolift docking device for Carony Classic/Go;1790;SEK;;
101152;Carolift docking device four belt docking device;3054;SEK;;
100621;Carolift docking device loop;1594;SEK;;
101667;Carolift docking device pulley for Carolift 140;1162;SEK;;
101666;Carolift docking device pulley for Carolift 90;950;SEK;;
101151;Carolift docking device two belt docking device;2002;SEK;;
101889;Carolift mounting bracket universal;2501;SEK;;
100438;"Carony Classic 12 puncture free rear wheel 12"" (1 pair)";2576;SEK;;
100402;"Carony Classic 12"" BEV seat, Left";37160;SEK;;
100399;"Carony Classic 12"" BEV seat, Right";37160;SEK;;
102702;"Carony Classic 12"" chassis Left";24508;SEK;;
102701;"Carony Classic 12"" chassis Right";24508;SEK;;
102712;"Carony Classic 12"" Compact seat, Left";32861;SEK;;
102711;"Carony Classic 12"" Compact seat, Right";32861;SEK;;
101244;"Carony Classic 12"" Kids seat, Left";42503;SEK;;
101243;"Carony Classic 12"" Kids seat, Right";42503;SEK;;
100684;"Carony Classic 12"" Recaro L seat, Left";39819;SEK;;
100683;"Carony Classic 12"" Recaro L seat, Right ";39819;SEK;;
100680;Carony Classic 12/24 foot rack 12 mm;1907;SEK;;
100697;"Carony Classic 12/24 front wheel puncture free 8x2""(1 pcs)";1197;SEK;;
100700;Carony Classic 12/24 level raising kit 50 mm;1760;SEK;;
101278;"Carony Classic 24 front wheel puncture free thin 7x1"" (1 pcs)";1124;SEK;;
100889;"Carony Classic 24"" BEV seat, Left";40170;SEK;;
100872;"Carony Classic 24"" Bev seat, Right";40170;SEK;;
102704;"Carony Classic 24"" chassis Left";27518;SEK;;
102703;"Carony Classic 24"" chassis Right";27518;SEK;;
102714;"Carony Classic 24"" Compact seat, Left";35871;SEK;;
102713;"Carony Classic 24"" Compact seat, Right";35871;SEK;;
101422;"Carony Classic 24"" Kids seat, Left";45512;SEK;;
101423;"Carony Classic 24"" Kids seat, Right";45512;SEK;;
100906;"Carony Classic 24"" Recaro L seat, Left";42829;SEK;;
100905;"Carony Classic 24"" Recaro L seat, Right ";42829;SEK;;
102719;Carony Classic Anti-tip protection ;2715;SEK;;
100440;Carony Classic calf leg support;1091;SEK;;
100754;Carony Classic child foot support, 1 pair;2894;SEK;;
101233;"Carony Classic Fixed 12"" BEV seat, Left";31344;SEK;;
101232;"Carony Classic Fixed 12"" BEV seat, Right";31344;SEK;;
102706;"Carony Classic Fixed 12"" chassis Left";18692;SEK;;
102705;"Carony Classic Fixed 12"" chassis Right";18692;SEK;;
102716;"Carony Classic Fixed 12"" Compact seat, Left";27045;SEK;;
102715;"Carony Classic Fixed 12"" Compct seat, Right";27045;SEK;;
101246;"Carony Classic Fixed 12"" Kids seat, Left";36687;SEK;;
101245;"Carony Classic Fixed 12"" Kids seat, Right";36687;SEK;;
102718;"Carony Classic Fixed 12"" Recaro seat, Left";34003;SEK;;
102717;"Carony Classic Fixed 12"" Recaro seat, Right";34003;SEK;;
100630;Carony Classic foot support/heel belt;1091;SEK;;
100426;Carony Classic leg support elevating, Left;4281;SEK;;
100424;Carony Classic leg support elevating, Right;4281;SEK;;
102720;Carony Classic rails 475 mm (1 pair) for Carony 12/24;1548;SEK;;
102721;Carony Classic rails 550 mm (1 pair) for Carony 24;1654;SEK;;
102722;Carony classic rails 600 mm (1 pair) for Carony 24;1736;SEK;;
101542;Carony Go attendance drive;10766;SEK;;
101520;Carony Go batteries (1 pair);5235;SEK;;
101521;Carony Go battery charger;7128;SEK;;
101525;Carony Go Dynamic program unit;9705;SEK;;
101528;Carony Go including batteries & battery charger, Left;94659;SEK;;
101527;Carony Go including batteries & battery charger, Right;94659;SEK;;
102635;Carony Go including batteries, battery charger & light kit, Left;100353;SEK;;
102634;Carony Go including batteries, battery charger & light kit, Right;100353;SEK;;
101576;Carony Go leg support, Left;4729;SEK;;
101575;Carony Go leg support, Right;4729;SEK;;
101519;Carony Go push handle;4827;SEK;;
102131;Carony Go upgrade kit from Carony 12/24, Left;85931;SEK;;
101637;Carony Go upgrade kit from Carony 12/24, Right;84463;SEK;;
101166;Carony Transport fittings;1630;SEK;;
101864;Caroslide;10020;SEK;;
102483;Carospeed accelerator attachment kit;59;SEK;;
100271;Carospeed Classic black, LHD;8470;SEK;;
100730;Carospeed Classic E black, LHD;12167;SEK;;
101280;Carospeed Classic Indicator black, LHD;10412;SEK;;
100990;Carospeed Classic T, LHD;8905;SEK;;
100991;Carospeed Classic TE, LHD;12688;SEK;;
102019;Carospeed Menox colour top black;501;SEK;;
102017;Carospeed Menox colour top carbon;501;SEK;;
102066;Carospeed Menox colour top grey;501;SEK;;
102018;Carospeed Menox colour top silver;501;SEK;;
102016;Carospeed Menox colour top wood;501;SEK;;
102057;Carospeed Menox relay box 8-functions;4294;SEK;;
102013;Carospeed Menox Standard, LHD;7701;SEK;;
102064;Carospeed Menox Stripped, LHD;7025;SEK;;
102023;Carospeed Menox upholstery beige;893;SEK;;
102020;Carospeed Menox upholstery black;893;SEK;;
102067;Carospeed Menox upholstery black plastic;893;SEK;;
102022;Carospeed Menox upholstery grey;893;SEK;;
102026;Carospeed Menox wire pack;893;SEK;;
XXXXXX;Carospeed mounting bracket specific ;176;SEK;;
100748;Carospeed mounting bracket universal;176;SEK;;
102593;Compact seat;9484;SEK;;
102978;Compact seat, Plus (The seat has a 30 mm raising kit mounted under the front of the seat);10090;SEK;;
102893;Compact seat, Plus, raising kit (A 30 mm raising kit to be mounted under the front end of the seat);901;SEK;;
102581;Crossit;7267;SEK;;
102583;Crossit chest buckle;1271;SEK;;
102582;Crossit seat pad;1850;SEK;;
102981;Driver Test Station (DTS 2) Left (Floor mounted hand control on the rigth side);192528;SEK;;
102982;Driver Test Station (DTS 2) Right (Floor mounted hand control on the left side);192528;SEK;;
103088;GS seat 356 Calf / heel support for the foot rest;1937;SEK;;
103235;GS seat 356 with manual back including 5-p Belt, head rest (small) and leg supports;35912;SEK;;
103239;GS seat 356, 5 point harness with padding;4947;SEK;;
103249;GS seat 356, Abduction block;1994;SEK;;
103086;GS seat 356, Adapter Plate. Gives the GS seat same hole pattern as a BEV seat. ;1145;SEK;;
103243;GS seat 356, Armrest (pair);4212;SEK;;
103242;GS seat 356, Belt deflector ;1635;SEK;;
103089;GS seat 356, Chest padding for the 5-point belt;1692;SEK;;
103244;GS seat 356, Foot rest;4196;SEK;;
103253;GS seat 356, Footrest straps with hook and loop;1121;SEK;;
103252;"GS seat 356, Head reast with large ""side"" supports";2875;SEK;;
103250;GS seat 356, Headrest / Back extension;3315;SEK;;
103245;GS seat 356, Incontinence cover;1488;SEK;;
103247;GS seat 356, Lumbar support, air;1586;SEK;;
103248;GS seat 356, Relieve table;1994;SEK;;
103246;GS seat 356, Seat heating  (Note: Increaed delivery time);3829;SEK;;
103237;GS seat 356, Side support (large);1945;SEK;;
103238;GS seat 356, Side Support (small);1945;SEK;;
102051;Hinge kit for original gas;1646;SEK;;
102976;Joey Barrier system, option;3968;SEK;;
101854;Joey Lift;27996;SEK;;
101678;Joey mounting bracket universal;2745;SEK;;
101488;Joey retractable belt kit;3943;SEK;;
102594;Kids Seat;15489;SEK;;
101365;Kids seat headrest;1031;SEK;;
102044;Left foot accelerator Flip-up;2768;SEK;;
102045;Left foot accelerator Quick release ;2838;SEK;;
103623;Lifting strap (Turny Evo);322;SEK;;
100533;Parking brake release 35 mm;2667;SEK;;
100762;Parking brake release 40 mm;2748;SEK;;
102047;Pedal extensions Ministamp for automatic gear;2255;SEK;;
102048;Pedal extensions Ministamp for manual gear;2923;SEK;;
102049;Pedal extensions Stamp for automatic gear;6528;SEK;;
102050;Pedal extensions Stamp for manual gear;7444;SEK;;
102046;Pedalguard Quick release;2845;SEK;;
100693;Recaro L Specialist seat;15745;SEK;;
101880;Recaro L Specialist seat armrest, Left;1521;SEK;;
101879;Recaro L Specialist seat armrest, Right;1521;SEK;;
101153;Recaro L Specialist seat headrest Komfort;3780;SEK;;
101843;Remote kit wireless for Turny # 101442-101449 /Turnout # 100714-100717;3380;SEK;;
102484;Remote kit wireless for Turny # 102281-102292 /Turnout # 102238-102241;3380;SEK;;
101865;Remote kit wireless universal;3201;SEK;;
103577;Resistor kit (for mounting bracket);1521;SEK;;
103576;Seat belt buckle extension kit (for mounting bracket);477;SEK;;
100786;Seat Belt Grip;583;SEK;;
103575;Spacer kit (for mounting bracket) ;4045;SEK;;
102058;Steering knob 2-pin;1651;SEK;;
102059;Steering knob 3-pin;2010;SEK;;
102145;Steering knob adapter;1098;SEK;;
102054;Steering knob Ergo;599;SEK;;
102031;Steering knob low black;525;SEK;;
102029;Steering knob low carbon;525;SEK;;
102030;Steering knob low silver;525;SEK;;
102028;Steering knob low wood;525;SEK;;
102039;Steering knob M-standard black;680;SEK;;
102037;Steering knob M-standard carbon;680;SEK;;
102038;Steering knob M-standard silver;680;SEK;;
102036;Steering knob M-standard wood;680;SEK;;
102035;Steering knob round 40mm black;542;SEK;;
102033;Steering knob round 40mm carbon;542;SEK;;
102034;Steering knob round 40mm silver;542;SEK;;
102032;Steering knob round 40mm wood;542;SEK;;
102043;Steering knob round 50mm black;583;SEK;;
102041;Steering knob round 50mm carbon;583;SEK;;
102042;Steering knob round 50mm silver;583;SEK;;
102040;Steering knob round 50mm wood;583;SEK;;
101839;Tilda footrest;1194;SEK;;
101838;Tilda, Left;7868;SEK;;
101837;Tilda, Right;7868;SEK;;
102245;Top Slider (note that you must purchase the sling to the Top Slider seperately);10271;SEK;;
102620;Top Slider Ballistol lubricate;822;SEK;;
102427;Top Slider High Lift (note that you from now one must purchase the sling to the Top Slider seperately);14513;SEK;;
102435;Top Slider sling, Large ;2160;SEK;;
102434;Top Slider sling, Medium;2160;SEK;;
102433;Top Slider sling, Small ;2160;SEK;;
102598;Turnout 2, Left;7868;SEK;;
102597;Turnout 2, Right;7868;SEK;;
102602;Turnout 2E, Left;12941;SEK;;
102601;Turnout 2E, Right;12941;SEK;;
102600;Turnout 4, Left;8614;SEK;;
102599;Turnout 4, Right;8614;SEK;;
102604;Turnout 4E, Left;13997;SEK;;
102603;Turnout 4E, Right;13997;SEK;;
103083;Turnout BIS, Armrest bracket 1 pcs (Makes BEV/Compact armrest fit to the BIS seat);893;SEK;;
103001;Turnout BIS, B-Max Left;26357;SEK;;
103000;Turnout BIS, B-Max Right;26357;SEK;;
XXXXXX;Turnout mounting bracket specific;3349;SEK;;
101685;Turnout open slewing bracket for Turnout # 100414-100415, 100716-100717, 102236-102237, 102599-102600;926;SEK;;
102242;Turnout open slewing bracket for Turnout # 102240-102241 & # 102603-102604;1236;SEK;;
100505;Turnout slide rails for BEV seat, Recaro L seat & Compact seat;2331;SEK;;
101876;Turnout/Turnin mounting bracket standard;1889;SEK;;
101844;Turnout/Turnin mounting bracket universal;2721;SEK;;
103533;Turny Evo (Gen 2) application tool, left;1931;SEK;;
103532;Turny Evo (Gen 2) application tool, right;1931;SEK;;
103562;Turny Evo (Gen2) and Turny Low Vehicle universal mounting bracket, front;1815;SEK;;
103563;Turny Evo (Gen2), universal mounting bracket, middle (flat floor);1979;SEK;;
103262;Turny Evo (Generation 2), Left;48218;SEK;;
103261;Turny Evo (Generation 2), Right;48218;SEK;;
102812;Turny Evo adapter plate for Recaro seat (Gen 1 and 2);1170;SEK;;
102622;Turny Evo door safety switch (Included with Gen 2);721;SEK;;
XXXXXX;Turny Evo mounting bracket specific (Gen 1 and 2);2468;SEK;;
102282;Turny HD 300, Left;28827;SEK;;
102281;Turny HD 300, Right;28827;SEK;;
102284;Turny HD 395, Left;29146;SEK;;
102283;Turny HD 395, Right;29146;SEK;;
102286;Turny HD 480, Left;30894;SEK;;
102285;Turny HD 480, Right;30894;SEK;;
101383;Turny HD/Orbit 300 cover kit contour, beige;2956;SEK;;
101522;Turny HD/Orbit 300 cover kit contour, grey;2956;SEK;;
101464;Turny HD/Orbit 300 cover kit flat, Left;2956;SEK;;
101463;Turny HD/Orbit 300 cover kit flat, Right;2956;SEK;;
101385;Turny HD/Orbit 395/480 cover kit contour, beige;2956;SEK;;
101523;Turny HD/Orbit 395/480 cover kit contour, grey;2956;SEK;;
101466;Turny HD/Orbit 395/480 cover kit flat, Left;2956;SEK;;
101465;Turny HD/Orbit 395/480 cover kit flat, Right;2956;SEK;;
101292;Turny HD/Orbit footrest;2181;SEK;;
102095;Turny HD/Orbit measurement tool, Left;949;SEK;;
101877;Turny HD/Orbit measurement tool, Right;949;SEK;;
XXXXXX;Turny HD/Orbit mounting bracket specific;3488;SEK;;
101836;Turny HD/Orbit mounting bracket universal;2729;SEK;;
101227;Turny HD/Orbit seat raising kit 35 mm;1553;SEK;;
100728;Turny HD/Orbit seat raising kit 70 mm;1553;SEK;;
103648;Turny Low Vehicle  application tool, right;1463;SEK;;
103649;Turny Low Vehicle application tool, left (Not available);0;SEK;;
XXXXXX;Turny Low Vehicle mounting bracket specific;2936;SEK;;
103259;Turny Low Vehicle,  Right side;36798;SEK;;
103260;Turny Low Vehicle, Left side   (Not available for sale yet, forcasted to be ready spring 2016);3393;SEK;;
103784;Turny Low Vehicle, Recaro kit;444;SEK;;
102288;Turny Orbit 300, Left;33069;SEK;;
102287;Turny Orbit 300, Right;33069;SEK;;
102290;Turny Orbit 395, Left;33224;SEK;;
102289;Turny Orbit 395, Right;33224;SEK;;
102292;Turny Orbit 480, Left;33535;SEK;;
102291;Turny Orbit 480, Right;33535;SEK;;
103578;Wire lock kit M10 (for mounting bracket);658;SEK;;
103579;Wire lock kit M12 (for mounting bracket);658;SEK;;
100565;BGR 19;18124;SEK;;
101055;BGR 21;18412;SEK;;
101056;BGR 23;18756;SEK;;
100845;BGR 27;19671;SEK;;
103268;BGR 30 ;20941;SEK;;
100005;BGR 19-3;21370;SEK;;
100006;BGR 25-3;22188;SEK;;
100886;BGR 27-3;22571;SEK;;
100887;BGR 33-3;23939;SEK;;
102791;BGR 37-3;24846;SEK;;
102799;BGR 90-19;19470;SEK;;
102800;BGR 90-23;20125;SEK;;
102860;BGR 90-27;21039;SEK;;
102861;BGR 90-33-3;25308;SEK;;
102862;BGR 90-37-3;26214;SEK;;
102793;BGR D 21;20989;SEK;;
102794;BGR D 23;21333;SEK;;
102795;BGR D 27;22247;SEK;;
102796;BGR D 27-3;25162;SEK;;
102797;BGR D 33-3;26516;SEK;;
102798;BGR D 37-3;27437;SEK;;
102875;VR 16;8649;SEK;;
102876;VR 20;10291;SEK;;
102877;VR 25;12075;SEK;;
103272;BGR 90-21P;16827;SEK;;
103276;BGR 90-25P;17970;SEK;;
103279;BGR 90-30P;20155;SEK;;
103830;BGR 90-21PTM;19207;SEK;;
103831;BGR 90-25PTM;20560;SEK;;
103832;BGR 90-30PTM;23116;SEK;;
;;;SEK;;
102195;X50;3566;SEK;;
102196;X100;3734;SEK;;
102420;XW100;3914;SEK;;
102983;T90;4172;SEK;;
102984;T120;4245;SEK;;
101062;T200;4330;SEK;;
101060;T200-3;4493;SEK;;
101021;T300;4714;SEK;;
102422;FTW200;5208;SEK;;
102423;FTW300;5426;SEK;;
102418;FT200;4635;SEK;;
102419;FT300;4945;SEK;;
102863;FL110;3883;SEK;;
102864;FL150;4145;SEK;;
102865;FL200;4258;SEK;;
101057;F110;4007;SEK;;
101058;F150;4163;SEK;;
101007;F200;4311;SEK;;
102421;FW200;4773;SEK;;
102198;LS150;4663;SEK;;
102199;LS200;4938;SEK;;
102200;LS250;5121;SEK;;
102879;LS150V;5227;SEK;;
102880;LS200V;5359;SEK;;
102881;LS250V;5508;SEK;;
102985;IRP50;5308;SEK;;
102986;IRP90;5846;SEK;;
102987;IRP120;6181;SEK;;
102987;IRP150;6536;SEK;;
102988;IRP170;6892;SEK;;
102989;IRP200;7498;SEK;;
103226;IRC75;12310;SEK;;
103227;IRC120;15723;SEK;;
103228;IRC150;17360;SEK;;
103229;IRC200;20442;SEK;;
103297;Century CL955IBXT3156EK-2 Telescopic;4697;USD;;
103150;Millennium L955SE3143IB-2 Solid;4625;USD;;
103151;Millennium L955SE3455IB-2 Solid;4625;USD;;
103298;Vista VL955FIB3144EK-2 Stacking;4594;USD;;
103299;Vista VL955IB3144EK-2 Stacking;4594;USD;;
103174;Vista VL997IB3042-2 Split;4529;USD;;
103850;Swing-A-Way L800XEVA-2;4534;USD;;
103851;Swing-A-Way L800XVA-2;4534;USD;;
103154;UVL 601C *;0;USD;8362;USD
103155;UVL 603C *;0;USD;8362;USD
103139;Chairtopper L710X-E left side;4796;USD;;
103140;Chairtopper L710XR-E right side;4796;USD;;
103470;Century CL918IBXT3460EK-2 Telescopic;4713;USD;;
103185;NHTSA-lift NCL954IB3454-2 Solid;4871;USD;;
103135;Global GL936IB3243 Solid;3656;USD;;
103136;Global GL936IB3251 Solid;3656;USD;;
103137;Global GVL936FIB3144 Stacking;3915;USD;;
103138;Global GVL936IB3144 Stacking;3915;USD;;
103143;Millennium L917FIB3454RP-2 Solid;4603;USD;;
103225;Millennium L917IB3454RP-2 Solid;4603;USD;;
103148;Millennium L919IBRP-2 Solid;4580;USD;;
103152;Millennium L990IB2740-2 Solid;4379;USD;;
103531;Millennium Bariatric L1100IB4061RP-2 Solid;6045;USD;;
103163;Vista VL917FIB Stacking*;4522;USD;;
103164;Vista VL917IB Stacking*;4522;USD;;
103165;Vista VL917IB3455RP-2 Stacking;4572;USD;;
103166;Vista VL919FIBRP-2 Stacking;4572;USD;;
103167;Vista VL919IBRP-2 Stacking;4572;USD;;
103171;Vista VL995IB2740-2 Stacking;4668;USD;;
103173;Vista VL996IB3042-2 Split;4357;USD;;
103471;Vista VL998IB3452EK-2 Split;4357;USD;;
103177;Vista VL998IB3463RP-2 Split;4509;USD;;